
#tm_video视频主表
insert into tm_video(`VIDEO_ID`,`CATEGORY`,`DIFFICULTY`,`DURATION`,`ORD`,`CREATE_BY`,`CREATE_ON`) values (1 ,  3	,3,	3200,32,1,now()) ;
insert into tm_video(`VIDEO_ID`,`CATEGORY`,`DIFFICULTY`,`DURATION`,`ORD`,`CREATE_BY`,`CREATE_ON`) values (2 ,  2	,3,	3200,33,1,now()) ;
insert into tm_video(`VIDEO_ID`,`CATEGORY`,`DIFFICULTY`,`DURATION`,`ORD`,`CREATE_BY`,`CREATE_ON`) values (3 ,  1	,2,	3200,26,1,now()) ;
insert into tm_video(`VIDEO_ID`,`CATEGORY`,`DIFFICULTY`,`DURATION`,`ORD`,`CREATE_BY`,`CREATE_ON`) values (4 ,  3	,3,	4800,43,1,now()) ;
insert into tm_video(`VIDEO_ID`,`CATEGORY`,`DIFFICULTY`,`DURATION`,`ORD`,`CREATE_BY`,`CREATE_ON`) values (5 ,  1	,1,	2400,3 ,1,now()) ;
insert into tm_video(`VIDEO_ID`,`CATEGORY`,`DIFFICULTY`,`DURATION`,`ORD`,`CREATE_BY`,`CREATE_ON`) values (6 ,  2	,1,	3200,4 ,1,now()) ;
insert into tm_video(`VIDEO_ID`,`CATEGORY`,`DIFFICULTY`,`DURATION`,`ORD`,`CREATE_BY`,`CREATE_ON`) values (7 ,  1	,1,	2400,5 ,1,now()) ;
insert into tm_video(`VIDEO_ID`,`CATEGORY`,`DIFFICULTY`,`DURATION`,`ORD`,`CREATE_BY`,`CREATE_ON`) values (8 ,  1	,3,	4800,36,1,now()) ;
insert into tm_video(`VIDEO_ID`,`CATEGORY`,`DIFFICULTY`,`DURATION`,`ORD`,`CREATE_BY`,`CREATE_ON`) values (9 ,  2	,3,	4800,42,1,now()) ;
insert into tm_video(`VIDEO_ID`,`CATEGORY`,`DIFFICULTY`,`DURATION`,`ORD`,`CREATE_BY`,`CREATE_ON`) values (10,	1	,2,	2400,30,1,now()) ;
insert into tm_video(`VIDEO_ID`,`CATEGORY`,`DIFFICULTY`,`DURATION`,`ORD`,`CREATE_BY`,`CREATE_ON`) values (11,	2	,1,	4800,7 ,1,now()) ;
insert into tm_video(`VIDEO_ID`,`CATEGORY`,`DIFFICULTY`,`DURATION`,`ORD`,`CREATE_BY`,`CREATE_ON`) values (12,	3	,3,	2400,39,1,now()) ;
insert into tm_video(`VIDEO_ID`,`CATEGORY`,`DIFFICULTY`,`DURATION`,`ORD`,`CREATE_BY`,`CREATE_ON`) values (13,	1	,2,	3200,17,1,now()) ;
insert into tm_video(`VIDEO_ID`,`CATEGORY`,`DIFFICULTY`,`DURATION`,`ORD`,`CREATE_BY`,`CREATE_ON`) values (14,	2	,2,	3200,18,1,now()) ;
insert into tm_video(`VIDEO_ID`,`CATEGORY`,`DIFFICULTY`,`DURATION`,`ORD`,`CREATE_BY`,`CREATE_ON`) values (15,	3	,1,	3200,2 ,1,now()) ;
insert into tm_video(`VIDEO_ID`,`CATEGORY`,`DIFFICULTY`,`DURATION`,`ORD`,`CREATE_BY`,`CREATE_ON`) values (16,	2	,2,	3200,20,1,now()) ;
insert into tm_video(`VIDEO_ID`,`CATEGORY`,`DIFFICULTY`,`DURATION`,`ORD`,`CREATE_BY`,`CREATE_ON`) values (17,	2	,2,	3200,16,1,now()) ;
insert into tm_video(`VIDEO_ID`,`CATEGORY`,`DIFFICULTY`,`DURATION`,`ORD`,`CREATE_BY`,`CREATE_ON`) values (18,	1	,1,	2400,8 ,1,now()) ;
insert into tm_video(`VIDEO_ID`,`CATEGORY`,`DIFFICULTY`,`DURATION`,`ORD`,`CREATE_BY`,`CREATE_ON`) values (19,	2	,2,	2400,24,1,now()) ;
insert into tm_video(`VIDEO_ID`,`CATEGORY`,`DIFFICULTY`,`DURATION`,`ORD`,`CREATE_BY`,`CREATE_ON`) values (20,	2	,1,	3200,13,1,now()) ;
insert into tm_video(`VIDEO_ID`,`CATEGORY`,`DIFFICULTY`,`DURATION`,`ORD`,`CREATE_BY`,`CREATE_ON`) values (21,	1	,2,	2400,31,1,now()) ;
insert into tm_video(`VIDEO_ID`,`CATEGORY`,`DIFFICULTY`,`DURATION`,`ORD`,`CREATE_BY`,`CREATE_ON`) values (22,	2	,2,	2400,28,1,now()) ;
insert into tm_video(`VIDEO_ID`,`CATEGORY`,`DIFFICULTY`,`DURATION`,`ORD`,`CREATE_BY`,`CREATE_ON`) values (23,	2	,1,	3200,10,1,now()) ;
insert into tm_video(`VIDEO_ID`,`CATEGORY`,`DIFFICULTY`,`DURATION`,`ORD`,`CREATE_BY`,`CREATE_ON`) values (24,	1	,1,	2400,12,1,now()) ;
insert into tm_video(`VIDEO_ID`,`CATEGORY`,`DIFFICULTY`,`DURATION`,`ORD`,`CREATE_BY`,`CREATE_ON`) values (25,	1	,3,	3200,48,1,now()) ;
insert into tm_video(`VIDEO_ID`,`CATEGORY`,`DIFFICULTY`,`DURATION`,`ORD`,`CREATE_BY`,`CREATE_ON`) values (26,	2	,3,	3200,47,1,now()) ;
insert into tm_video(`VIDEO_ID`,`CATEGORY`,`DIFFICULTY`,`DURATION`,`ORD`,`CREATE_BY`,`CREATE_ON`) values (27,	1	,1,	3200,11,1,now()) ;
insert into tm_video(`VIDEO_ID`,`CATEGORY`,`DIFFICULTY`,`DURATION`,`ORD`,`CREATE_BY`,`CREATE_ON`) values (28,	3	,2,	3200,19,1,now()) ;
insert into tm_video(`VIDEO_ID`,`CATEGORY`,`DIFFICULTY`,`DURATION`,`ORD`,`CREATE_BY`,`CREATE_ON`) values (29,	1	,2,	2400,29,1,now()) ;
insert into tm_video(`VIDEO_ID`,`CATEGORY`,`DIFFICULTY`,`DURATION`,`ORD`,`CREATE_BY`,`CREATE_ON`) values (30,	3	,3,	3200,34,1,now()) ;
insert into tm_video(`VIDEO_ID`,`CATEGORY`,`DIFFICULTY`,`DURATION`,`ORD`,`CREATE_BY`,`CREATE_ON`) values (31,	2	,2,	3200,22,1,now()) ;
insert into tm_video(`VIDEO_ID`,`CATEGORY`,`DIFFICULTY`,`DURATION`,`ORD`,`CREATE_BY`,`CREATE_ON`) values (32,	2	,1,	3200,1 ,1,now()) ;
insert into tm_video(`VIDEO_ID`,`CATEGORY`,`DIFFICULTY`,`DURATION`,`ORD`,`CREATE_BY`,`CREATE_ON`) values (33,	3	,2,	2400,14,1,now()) ;
insert into tm_video(`VIDEO_ID`,`CATEGORY`,`DIFFICULTY`,`DURATION`,`ORD`,`CREATE_BY`,`CREATE_ON`) values (34,	1	,3,	4800,35,1,now()) ;
insert into tm_video(`VIDEO_ID`,`CATEGORY`,`DIFFICULTY`,`DURATION`,`ORD`,`CREATE_BY`,`CREATE_ON`) values (35,	1	,1,	2400,6 ,1,now()) ;
insert into tm_video(`VIDEO_ID`,`CATEGORY`,`DIFFICULTY`,`DURATION`,`ORD`,`CREATE_BY`,`CREATE_ON`) values (36,	1	,2,	4800,23,1,now()) ;
insert into tm_video(`VIDEO_ID`,`CATEGORY`,`DIFFICULTY`,`DURATION`,`ORD`,`CREATE_BY`,`CREATE_ON`) values (37,	2	,3,	3200,38,1,now()) ;
insert into tm_video(`VIDEO_ID`,`CATEGORY`,`DIFFICULTY`,`DURATION`,`ORD`,`CREATE_BY`,`CREATE_ON`) values (38,	2	,3,	4800,40,1,now()) ;
insert into tm_video(`VIDEO_ID`,`CATEGORY`,`DIFFICULTY`,`DURATION`,`ORD`,`CREATE_BY`,`CREATE_ON`) values (39,	1	,3,	4800,41,1,now()) ;
insert into tm_video(`VIDEO_ID`,`CATEGORY`,`DIFFICULTY`,`DURATION`,`ORD`,`CREATE_BY`,`CREATE_ON`) values (40,	2	,3,	3200,50,1,now()) ;
insert into tm_video(`VIDEO_ID`,`CATEGORY`,`DIFFICULTY`,`DURATION`,`ORD`,`CREATE_BY`,`CREATE_ON`) values (41,	2	,2,	4800,15,1,now()) ;
insert into tm_video(`VIDEO_ID`,`CATEGORY`,`DIFFICULTY`,`DURATION`,`ORD`,`CREATE_BY`,`CREATE_ON`) values (45,	1	,2,	3200,25,1,now()) ;
insert into tm_video(`VIDEO_ID`,`CATEGORY`,`DIFFICULTY`,`DURATION`,`ORD`,`CREATE_BY`,`CREATE_ON`) values (46,	2	,3,	3200,45,1,now()) ;
insert into tm_video(`VIDEO_ID`,`CATEGORY`,`DIFFICULTY`,`DURATION`,`ORD`,`CREATE_BY`,`CREATE_ON`) values (47,	2	,2,	2400,27,1,now()) ;
insert into tm_video(`VIDEO_ID`,`CATEGORY`,`DIFFICULTY`,`DURATION`,`ORD`,`CREATE_BY`,`CREATE_ON`) values (48,	2	,1,	3200,9 ,1,now()) ;
insert into tm_video(`VIDEO_ID`,`CATEGORY`,`DIFFICULTY`,`DURATION`,`ORD`,`CREATE_BY`,`CREATE_ON`) values (49,	2	,3,	3200,46,1,now()) ;
insert into tm_video(`VIDEO_ID`,`CATEGORY`,`DIFFICULTY`,`DURATION`,`ORD`,`CREATE_BY`,`CREATE_ON`) values (50,	2	,3,	3200,37,1,now()) ;
insert into tm_video(`VIDEO_ID`,`CATEGORY`,`DIFFICULTY`,`DURATION`,`ORD`,`CREATE_BY`,`CREATE_ON`) values (51,	2	,3,	3200,49,1,now()) ;
insert into tm_video(`VIDEO_ID`,`CATEGORY`,`DIFFICULTY`,`DURATION`,`ORD`,`CREATE_BY`,`CREATE_ON`) values (52,	2	,3,	3200,44,1,now()) ;
insert into tm_video(`VIDEO_ID`,`CATEGORY`,`DIFFICULTY`,`DURATION`,`ORD`,`CREATE_BY`,`CREATE_ON`) values (53,	2	,2,	3200,21,1,now()) ;
                  
#tm_video_rc资源路径表
#男
INSERT INTO tm_video_rc(`GENDER`,`VIDEO_ID`,`VIDEO_URL`,`CREATE_BY`,`CREATE_ON`) values (1,1 ,'http://troytan1991.club/sixpack/01_male_muscle.mp4',1,now());
INSERT INTO tm_video_rc(`GENDER`,`VIDEO_ID`,`VIDEO_URL`,`CREATE_BY`,`CREATE_ON`) values (1,2 ,'http://troytan1991.club/sixpack/02_male_muscle.mp4',1,now());
INSERT INTO tm_video_rc(`GENDER`,`VIDEO_ID`,`VIDEO_URL`,`CREATE_BY`,`CREATE_ON`) values (1,3 ,'http://troytan1991.club/sixpack/03_male_muscle.mp4',1,now());
INSERT INTO tm_video_rc(`GENDER`,`VIDEO_ID`,`VIDEO_URL`,`CREATE_BY`,`CREATE_ON`) values (1,4 ,'http://troytan1991.club/sixpack/04_male_muscle.mp4',1,now());
INSERT INTO tm_video_rc(`GENDER`,`VIDEO_ID`,`VIDEO_URL`,`CREATE_BY`,`CREATE_ON`) values (1,5 ,'http://troytan1991.club/sixpack/05_male_muscle.mp4',1,now());
INSERT INTO tm_video_rc(`GENDER`,`VIDEO_ID`,`VIDEO_URL`,`CREATE_BY`,`CREATE_ON`) values (1,6 ,'http://troytan1991.club/sixpack/06_male_muscle.mp4',1,now());
INSERT INTO tm_video_rc(`GENDER`,`VIDEO_ID`,`VIDEO_URL`,`CREATE_BY`,`CREATE_ON`) values (1,7 ,'http://troytan1991.club/sixpack/07_male_muscle.mp4',1,now());
INSERT INTO tm_video_rc(`GENDER`,`VIDEO_ID`,`VIDEO_URL`,`CREATE_BY`,`CREATE_ON`) values (1,8 ,'http://troytan1991.club/sixpack/08_male_muscle.mp4',1,now());
INSERT INTO tm_video_rc(`GENDER`,`VIDEO_ID`,`VIDEO_URL`,`CREATE_BY`,`CREATE_ON`) values (1,9 ,'http://troytan1991.club/sixpack/09_male_muscle.mp4',1,now());
INSERT INTO tm_video_rc(`GENDER`,`VIDEO_ID`,`VIDEO_URL`,`CREATE_BY`,`CREATE_ON`) values (1,10,'http://troytan1991.club/sixpack/10_male_muscle.mp4',1,now());
INSERT INTO tm_video_rc(`GENDER`,`VIDEO_ID`,`VIDEO_URL`,`CREATE_BY`,`CREATE_ON`) values (1,11,'http://troytan1991.club/sixpack/11_male_muscle.mp4',1,now());
INSERT INTO tm_video_rc(`GENDER`,`VIDEO_ID`,`VIDEO_URL`,`CREATE_BY`,`CREATE_ON`) values (1,12,'http://troytan1991.club/sixpack/12_male_muscle.mp4',1,now());
INSERT INTO tm_video_rc(`GENDER`,`VIDEO_ID`,`VIDEO_URL`,`CREATE_BY`,`CREATE_ON`) values (1,13,'http://troytan1991.club/sixpack/13_male_muscle.mp4',1,now());
INSERT INTO tm_video_rc(`GENDER`,`VIDEO_ID`,`VIDEO_URL`,`CREATE_BY`,`CREATE_ON`) values (1,14,'http://troytan1991.club/sixpack/14_male_muscle.mp4',1,now());
INSERT INTO tm_video_rc(`GENDER`,`VIDEO_ID`,`VIDEO_URL`,`CREATE_BY`,`CREATE_ON`) values (1,15,'http://troytan1991.club/sixpack/15_male_muscle.mp4',1,now());
INSERT INTO tm_video_rc(`GENDER`,`VIDEO_ID`,`VIDEO_URL`,`CREATE_BY`,`CREATE_ON`) values (1,16,'http://troytan1991.club/sixpack/16_male_muscle.mp4',1,now());
INSERT INTO tm_video_rc(`GENDER`,`VIDEO_ID`,`VIDEO_URL`,`CREATE_BY`,`CREATE_ON`) values (1,17,'http://troytan1991.club/sixpack/17_male_muscle.mp4',1,now());
INSERT INTO tm_video_rc(`GENDER`,`VIDEO_ID`,`VIDEO_URL`,`CREATE_BY`,`CREATE_ON`) values (1,18,'http://troytan1991.club/sixpack/18_male_muscle.mp4',1,now());
INSERT INTO tm_video_rc(`GENDER`,`VIDEO_ID`,`VIDEO_URL`,`CREATE_BY`,`CREATE_ON`) values (1,19,'http://troytan1991.club/sixpack/19_male_muscle.mp4',1,now());
INSERT INTO tm_video_rc(`GENDER`,`VIDEO_ID`,`VIDEO_URL`,`CREATE_BY`,`CREATE_ON`) values (1,20,'http://troytan1991.club/sixpack/20_male_muscle.mp4',1,now());
INSERT INTO tm_video_rc(`GENDER`,`VIDEO_ID`,`VIDEO_URL`,`CREATE_BY`,`CREATE_ON`) values (1,21,'http://troytan1991.club/sixpack/21_male_muscle.mp4',1,now());
INSERT INTO tm_video_rc(`GENDER`,`VIDEO_ID`,`VIDEO_URL`,`CREATE_BY`,`CREATE_ON`) values (1,22,'http://troytan1991.club/sixpack/22_male_muscle.mp4',1,now());
INSERT INTO tm_video_rc(`GENDER`,`VIDEO_ID`,`VIDEO_URL`,`CREATE_BY`,`CREATE_ON`) values (1,23,'http://troytan1991.club/sixpack/23_male_muscle.mp4',1,now());
INSERT INTO tm_video_rc(`GENDER`,`VIDEO_ID`,`VIDEO_URL`,`CREATE_BY`,`CREATE_ON`) values (1,24,'http://troytan1991.club/sixpack/24_male_muscle.mp4',1,now());
INSERT INTO tm_video_rc(`GENDER`,`VIDEO_ID`,`VIDEO_URL`,`CREATE_BY`,`CREATE_ON`) values (1,25,'http://troytan1991.club/sixpack/25_male_muscle.mp4',1,now());
INSERT INTO tm_video_rc(`GENDER`,`VIDEO_ID`,`VIDEO_URL`,`CREATE_BY`,`CREATE_ON`) values (1,26,'http://troytan1991.club/sixpack/26_male_muscle.mp4',1,now());
INSERT INTO tm_video_rc(`GENDER`,`VIDEO_ID`,`VIDEO_URL`,`CREATE_BY`,`CREATE_ON`) values (1,27,'http://troytan1991.club/sixpack/27_male_muscle.mp4',1,now());
INSERT INTO tm_video_rc(`GENDER`,`VIDEO_ID`,`VIDEO_URL`,`CREATE_BY`,`CREATE_ON`) values (1,28,'http://troytan1991.club/sixpack/28_male_muscle.mp4',1,now());
INSERT INTO tm_video_rc(`GENDER`,`VIDEO_ID`,`VIDEO_URL`,`CREATE_BY`,`CREATE_ON`) values (1,29,'http://troytan1991.club/sixpack/29_male_muscle.mp4',1,now());
INSERT INTO tm_video_rc(`GENDER`,`VIDEO_ID`,`VIDEO_URL`,`CREATE_BY`,`CREATE_ON`) values (1,30,'http://troytan1991.club/sixpack/30_male_muscle.mp4',1,now());
INSERT INTO tm_video_rc(`GENDER`,`VIDEO_ID`,`VIDEO_URL`,`CREATE_BY`,`CREATE_ON`) values (1,31,'http://troytan1991.club/sixpack/31_male_muscle.mp4',1,now());
INSERT INTO tm_video_rc(`GENDER`,`VIDEO_ID`,`VIDEO_URL`,`CREATE_BY`,`CREATE_ON`) values (1,32,'http://troytan1991.club/sixpack/32_male_muscle.mp4',1,now());
INSERT INTO tm_video_rc(`GENDER`,`VIDEO_ID`,`VIDEO_URL`,`CREATE_BY`,`CREATE_ON`) values (1,33,'http://troytan1991.club/sixpack/33_male_muscle.mp4',1,now());
INSERT INTO tm_video_rc(`GENDER`,`VIDEO_ID`,`VIDEO_URL`,`CREATE_BY`,`CREATE_ON`) values (1,34,'http://troytan1991.club/sixpack/34_male_muscle.mp4',1,now());
INSERT INTO tm_video_rc(`GENDER`,`VIDEO_ID`,`VIDEO_URL`,`CREATE_BY`,`CREATE_ON`) values (1,35,'http://troytan1991.club/sixpack/35_male_muscle.mp4',1,now());
INSERT INTO tm_video_rc(`GENDER`,`VIDEO_ID`,`VIDEO_URL`,`CREATE_BY`,`CREATE_ON`) values (1,36,'http://troytan1991.club/sixpack/36_male_muscle.mp4',1,now());
INSERT INTO tm_video_rc(`GENDER`,`VIDEO_ID`,`VIDEO_URL`,`CREATE_BY`,`CREATE_ON`) values (1,37,'http://troytan1991.club/sixpack/37_male_muscle.mp4',1,now());
INSERT INTO tm_video_rc(`GENDER`,`VIDEO_ID`,`VIDEO_URL`,`CREATE_BY`,`CREATE_ON`) values (1,38,'http://troytan1991.club/sixpack/38_male_muscle.mp4',1,now());
INSERT INTO tm_video_rc(`GENDER`,`VIDEO_ID`,`VIDEO_URL`,`CREATE_BY`,`CREATE_ON`) values (1,39,'http://troytan1991.club/sixpack/39_male_muscle.mp4',1,now());
INSERT INTO tm_video_rc(`GENDER`,`VIDEO_ID`,`VIDEO_URL`,`CREATE_BY`,`CREATE_ON`) values (1,40,'http://troytan1991.club/sixpack/40_male_muscle.mp4',1,now());
INSERT INTO tm_video_rc(`GENDER`,`VIDEO_ID`,`VIDEO_URL`,`CREATE_BY`,`CREATE_ON`) values (1,41,'http://troytan1991.club/sixpack/41_male_muscle.mp4',1,now());
INSERT INTO tm_video_rc(`GENDER`,`VIDEO_ID`,`VIDEO_URL`,`CREATE_BY`,`CREATE_ON`) values (1,45,'http://troytan1991.club/sixpack/45_male_muscle.mp4',1,now());
INSERT INTO tm_video_rc(`GENDER`,`VIDEO_ID`,`VIDEO_URL`,`CREATE_BY`,`CREATE_ON`) values (1,46,'http://troytan1991.club/sixpack/46_male_muscle.mp4',1,now());
INSERT INTO tm_video_rc(`GENDER`,`VIDEO_ID`,`VIDEO_URL`,`CREATE_BY`,`CREATE_ON`) values (1,47,'http://troytan1991.club/sixpack/47_male_muscle.mp4',1,now());
INSERT INTO tm_video_rc(`GENDER`,`VIDEO_ID`,`VIDEO_URL`,`CREATE_BY`,`CREATE_ON`) values (1,48,'http://troytan1991.club/sixpack/48_male_muscle.mp4',1,now());
INSERT INTO tm_video_rc(`GENDER`,`VIDEO_ID`,`VIDEO_URL`,`CREATE_BY`,`CREATE_ON`) values (1,49,'http://troytan1991.club/sixpack/49_male_muscle.mp4',1,now());
INSERT INTO tm_video_rc(`GENDER`,`VIDEO_ID`,`VIDEO_URL`,`CREATE_BY`,`CREATE_ON`) values (1,50,'http://troytan1991.club/sixpack/50_male_muscle.mp4',1,now());
INSERT INTO tm_video_rc(`GENDER`,`VIDEO_ID`,`VIDEO_URL`,`CREATE_BY`,`CREATE_ON`) values (1,51,'http://troytan1991.club/sixpack/51_male_muscle.mp4',1,now());
INSERT INTO tm_video_rc(`GENDER`,`VIDEO_ID`,`VIDEO_URL`,`CREATE_BY`,`CREATE_ON`) values (1,52,'http://troytan1991.club/sixpack/52_male_muscle.mp4',1,now());
INSERT INTO tm_video_rc(`GENDER`,`VIDEO_ID`,`VIDEO_URL`,`CREATE_BY`,`CREATE_ON`) values (1,53,'http://troytan1991.club/sixpack/53_male_muscle.mp4',1,now());
#女
INSERT INTO tm_video_rc(`GENDER`,`VIDEO_ID`,`VIDEO_URL`,`CREATE_BY`,`CREATE_ON`) values (2,1 ,'http://troytan1991.club/sixpack/01_female_muscle.mp4',1,now());
INSERT INTO tm_video_rc(`GENDER`,`VIDEO_ID`,`VIDEO_URL`,`CREATE_BY`,`CREATE_ON`) values (2,2 ,'http://troytan1991.club/sixpack/02_female_muscle.mp4',1,now());
INSERT INTO tm_video_rc(`GENDER`,`VIDEO_ID`,`VIDEO_URL`,`CREATE_BY`,`CREATE_ON`) values (2,3 ,'http://troytan1991.club/sixpack/03_female_muscle.mp4',1,now());
INSERT INTO tm_video_rc(`GENDER`,`VIDEO_ID`,`VIDEO_URL`,`CREATE_BY`,`CREATE_ON`) values (2,4 ,'http://troytan1991.club/sixpack/04_female_muscle.mp4',1,now());
INSERT INTO tm_video_rc(`GENDER`,`VIDEO_ID`,`VIDEO_URL`,`CREATE_BY`,`CREATE_ON`) values (2,5 ,'http://troytan1991.club/sixpack/05_female_muscle.mp4',1,now());
INSERT INTO tm_video_rc(`GENDER`,`VIDEO_ID`,`VIDEO_URL`,`CREATE_BY`,`CREATE_ON`) values (2,6 ,'http://troytan1991.club/sixpack/06_female_muscle.mp4',1,now());
INSERT INTO tm_video_rc(`GENDER`,`VIDEO_ID`,`VIDEO_URL`,`CREATE_BY`,`CREATE_ON`) values (2,7 ,'http://troytan1991.club/sixpack/07_female_muscle.mp4',1,now());
INSERT INTO tm_video_rc(`GENDER`,`VIDEO_ID`,`VIDEO_URL`,`CREATE_BY`,`CREATE_ON`) values (2,8 ,'http://troytan1991.club/sixpack/08_female_muscle.mp4',1,now());
INSERT INTO tm_video_rc(`GENDER`,`VIDEO_ID`,`VIDEO_URL`,`CREATE_BY`,`CREATE_ON`) values (2,9 ,'http://troytan1991.club/sixpack/09_female_muscle.mp4',1,now());
INSERT INTO tm_video_rc(`GENDER`,`VIDEO_ID`,`VIDEO_URL`,`CREATE_BY`,`CREATE_ON`) values (2,10,'http://troytan1991.club/sixpack/10_female_muscle.mp4',1,now());
INSERT INTO tm_video_rc(`GENDER`,`VIDEO_ID`,`VIDEO_URL`,`CREATE_BY`,`CREATE_ON`) values (2,11,'http://troytan1991.club/sixpack/11_female_muscle.mp4',1,now());
INSERT INTO tm_video_rc(`GENDER`,`VIDEO_ID`,`VIDEO_URL`,`CREATE_BY`,`CREATE_ON`) values (2,12,'http://troytan1991.club/sixpack/12_female_muscle.mp4',1,now());
INSERT INTO tm_video_rc(`GENDER`,`VIDEO_ID`,`VIDEO_URL`,`CREATE_BY`,`CREATE_ON`) values (2,13,'http://troytan1991.club/sixpack/13_female_muscle.mp4',1,now());
INSERT INTO tm_video_rc(`GENDER`,`VIDEO_ID`,`VIDEO_URL`,`CREATE_BY`,`CREATE_ON`) values (2,14,'http://troytan1991.club/sixpack/14_female_muscle.mp4',1,now());
INSERT INTO tm_video_rc(`GENDER`,`VIDEO_ID`,`VIDEO_URL`,`CREATE_BY`,`CREATE_ON`) values (2,15,'http://troytan1991.club/sixpack/15_female_muscle.mp4',1,now());
INSERT INTO tm_video_rc(`GENDER`,`VIDEO_ID`,`VIDEO_URL`,`CREATE_BY`,`CREATE_ON`) values (2,16,'http://troytan1991.club/sixpack/16_female_muscle.mp4',1,now());
INSERT INTO tm_video_rc(`GENDER`,`VIDEO_ID`,`VIDEO_URL`,`CREATE_BY`,`CREATE_ON`) values (2,17,'http://troytan1991.club/sixpack/17_female_muscle.mp4',1,now());
INSERT INTO tm_video_rc(`GENDER`,`VIDEO_ID`,`VIDEO_URL`,`CREATE_BY`,`CREATE_ON`) values (2,18,'http://troytan1991.club/sixpack/18_female_muscle.mp4',1,now());
INSERT INTO tm_video_rc(`GENDER`,`VIDEO_ID`,`VIDEO_URL`,`CREATE_BY`,`CREATE_ON`) values (2,19,'http://troytan1991.club/sixpack/19_female_muscle.mp4',1,now());
INSERT INTO tm_video_rc(`GENDER`,`VIDEO_ID`,`VIDEO_URL`,`CREATE_BY`,`CREATE_ON`) values (2,20,'http://troytan1991.club/sixpack/20_female_muscle.mp4',1,now());
INSERT INTO tm_video_rc(`GENDER`,`VIDEO_ID`,`VIDEO_URL`,`CREATE_BY`,`CREATE_ON`) values (2,21,'http://troytan1991.club/sixpack/21_female_muscle.mp4',1,now());
INSERT INTO tm_video_rc(`GENDER`,`VIDEO_ID`,`VIDEO_URL`,`CREATE_BY`,`CREATE_ON`) values (2,22,'http://troytan1991.club/sixpack/22_female_muscle.mp4',1,now());
INSERT INTO tm_video_rc(`GENDER`,`VIDEO_ID`,`VIDEO_URL`,`CREATE_BY`,`CREATE_ON`) values (2,23,'http://troytan1991.club/sixpack/23_female_muscle.mp4',1,now());
INSERT INTO tm_video_rc(`GENDER`,`VIDEO_ID`,`VIDEO_URL`,`CREATE_BY`,`CREATE_ON`) values (2,24,'http://troytan1991.club/sixpack/24_female_muscle.mp4',1,now());
INSERT INTO tm_video_rc(`GENDER`,`VIDEO_ID`,`VIDEO_URL`,`CREATE_BY`,`CREATE_ON`) values (2,25,'http://troytan1991.club/sixpack/25_female_muscle.mp4',1,now());
INSERT INTO tm_video_rc(`GENDER`,`VIDEO_ID`,`VIDEO_URL`,`CREATE_BY`,`CREATE_ON`) values (2,26,'http://troytan1991.club/sixpack/26_female_muscle.mp4',1,now());
INSERT INTO tm_video_rc(`GENDER`,`VIDEO_ID`,`VIDEO_URL`,`CREATE_BY`,`CREATE_ON`) values (2,27,'http://troytan1991.club/sixpack/27_female_muscle.mp4',1,now());
INSERT INTO tm_video_rc(`GENDER`,`VIDEO_ID`,`VIDEO_URL`,`CREATE_BY`,`CREATE_ON`) values (2,28,'http://troytan1991.club/sixpack/28_female_muscle.mp4',1,now());
INSERT INTO tm_video_rc(`GENDER`,`VIDEO_ID`,`VIDEO_URL`,`CREATE_BY`,`CREATE_ON`) values (2,29,'http://troytan1991.club/sixpack/29_female_muscle.mp4',1,now());
INSERT INTO tm_video_rc(`GENDER`,`VIDEO_ID`,`VIDEO_URL`,`CREATE_BY`,`CREATE_ON`) values (2,30,'http://troytan1991.club/sixpack/30_female_muscle.mp4',1,now());
INSERT INTO tm_video_rc(`GENDER`,`VIDEO_ID`,`VIDEO_URL`,`CREATE_BY`,`CREATE_ON`) values (2,31,'http://troytan1991.club/sixpack/31_female_muscle.mp4',1,now());
INSERT INTO tm_video_rc(`GENDER`,`VIDEO_ID`,`VIDEO_URL`,`CREATE_BY`,`CREATE_ON`) values (2,32,'http://troytan1991.club/sixpack/32_female_muscle.mp4',1,now());
INSERT INTO tm_video_rc(`GENDER`,`VIDEO_ID`,`VIDEO_URL`,`CREATE_BY`,`CREATE_ON`) values (2,33,'http://troytan1991.club/sixpack/33_female_muscle.mp4',1,now());
INSERT INTO tm_video_rc(`GENDER`,`VIDEO_ID`,`VIDEO_URL`,`CREATE_BY`,`CREATE_ON`) values (2,34,'http://troytan1991.club/sixpack/34_female_muscle.mp4',1,now());
INSERT INTO tm_video_rc(`GENDER`,`VIDEO_ID`,`VIDEO_URL`,`CREATE_BY`,`CREATE_ON`) values (2,35,'http://troytan1991.club/sixpack/35_female_muscle.mp4',1,now());
INSERT INTO tm_video_rc(`GENDER`,`VIDEO_ID`,`VIDEO_URL`,`CREATE_BY`,`CREATE_ON`) values (2,36,'http://troytan1991.club/sixpack/36_female_muscle.mp4',1,now());
INSERT INTO tm_video_rc(`GENDER`,`VIDEO_ID`,`VIDEO_URL`,`CREATE_BY`,`CREATE_ON`) values (2,37,'http://troytan1991.club/sixpack/37_female_muscle.mp4',1,now());
INSERT INTO tm_video_rc(`GENDER`,`VIDEO_ID`,`VIDEO_URL`,`CREATE_BY`,`CREATE_ON`) values (2,38,'http://troytan1991.club/sixpack/38_female_muscle.mp4',1,now());
INSERT INTO tm_video_rc(`GENDER`,`VIDEO_ID`,`VIDEO_URL`,`CREATE_BY`,`CREATE_ON`) values (2,39,'http://troytan1991.club/sixpack/39_female_muscle.mp4',1,now());
INSERT INTO tm_video_rc(`GENDER`,`VIDEO_ID`,`VIDEO_URL`,`CREATE_BY`,`CREATE_ON`) values (2,40,'http://troytan1991.club/sixpack/40_female_muscle.mp4',1,now());
INSERT INTO tm_video_rc(`GENDER`,`VIDEO_ID`,`VIDEO_URL`,`CREATE_BY`,`CREATE_ON`) values (2,41,'http://troytan1991.club/sixpack/41_female_muscle.mp4',1,now());
INSERT INTO tm_video_rc(`GENDER`,`VIDEO_ID`,`VIDEO_URL`,`CREATE_BY`,`CREATE_ON`) values (2,45,'http://troytan1991.club/sixpack/45_female_muscle.mp4',1,now());
INSERT INTO tm_video_rc(`GENDER`,`VIDEO_ID`,`VIDEO_URL`,`CREATE_BY`,`CREATE_ON`) values (2,46,'http://troytan1991.club/sixpack/46_female_muscle.mp4',1,now());
INSERT INTO tm_video_rc(`GENDER`,`VIDEO_ID`,`VIDEO_URL`,`CREATE_BY`,`CREATE_ON`) values (2,47,'http://troytan1991.club/sixpack/47_female_muscle.mp4',1,now());
INSERT INTO tm_video_rc(`GENDER`,`VIDEO_ID`,`VIDEO_URL`,`CREATE_BY`,`CREATE_ON`) values (2,48,'http://troytan1991.club/sixpack/48_female_muscle.mp4',1,now());
INSERT INTO tm_video_rc(`GENDER`,`VIDEO_ID`,`VIDEO_URL`,`CREATE_BY`,`CREATE_ON`) values (2,49,'http://troytan1991.club/sixpack/49_female_muscle.mp4',1,now());
INSERT INTO tm_video_rc(`GENDER`,`VIDEO_ID`,`VIDEO_URL`,`CREATE_BY`,`CREATE_ON`) values (2,50,'http://troytan1991.club/sixpack/50_female_muscle.mp4',1,now());
INSERT INTO tm_video_rc(`GENDER`,`VIDEO_ID`,`VIDEO_URL`,`CREATE_BY`,`CREATE_ON`) values (2,51,'http://troytan1991.club/sixpack/51_female_muscle.mp4',1,now());
INSERT INTO tm_video_rc(`GENDER`,`VIDEO_ID`,`VIDEO_URL`,`CREATE_BY`,`CREATE_ON`) values (2,52,'http://troytan1991.club/sixpack/52_female_muscle.mp4',1,now());
INSERT INTO tm_video_rc(`GENDER`,`VIDEO_ID`,`VIDEO_URL`,`CREATE_BY`,`CREATE_ON`) values (2,53,'http://troytan1991.club/sixpack/53_female_muscle.mp4',1,now());

#tm_video_desc视频解析表
INSERT INTO tm_video_desc(`VIDEO_ID`,`CHN_NAME`,`ENG_NAME`,`TRAIN_MUSCLE`,`START_ACTION`,`ESSEN_EXERCISE`,`REMIND`,`CREATE_BY`,`CREATE_ON`) values(5,'仰卧核心卷腹','center crunch','腹部','躺在地板上，背部保持平坦紧贴地板，双腿并拢膝盖弯曲脚掌着地大腿小腿夹角为60度左右。双臂合拢放于两腿之间。','集中注意力在腹部，保持你的腹部紧张用你的上腹部和有力的朝着你的肚脐紧缩起来，同时把背部部抬离地面约十厘米。保持腹部紧缩为1秒慢慢回到起始位置。\r\n重复交替完成你的练习量','通过手持一个哑铃片在你的胸部增加训练强度',1,now());
INSERT INTO tm_video_desc(`VIDEO_ID`,`CHN_NAME`,`ENG_NAME`,`TRAIN_MUSCLE`,`START_ACTION`,`ESSEN_EXERCISE`,`REMIND`,`CREATE_BY`,`CREATE_ON`) values(6,'仰卧对角交替收膝','Crossover Combo','腹部、腹内外斜肌','平躺在垫子上、把你的背部和膝盖弯曲约60度。脚心平放在地板上，把双手放于你的头后、放松','把你的右手肘和肩膀用整个身体蜷缩起来，同时把左膝朝你的左肩抬起，用右手肘接近你的左膝，触摸你的膝盖呼气：尽量尝试把你的肩膀拉向膝盖，而不仅仅是你的胳膊肘。记住，关键是当你进行运动，是收缩腹肌，不只是移动肘部。\r\n现在回到下降到起始位置时吸气，重复用左肘和右膝。\r\n继续以这种方式交替，直到所有规定的重复次数完成。','你也可以做所有你重复的一面，然后切换到另一边。',1,now());
INSERT INTO tm_video_desc(`VIDEO_ID`,`CHN_NAME`,`ENG_NAME`,`TRAIN_MUSCLE`,`START_ACTION`,`ESSEN_EXERCISE`,`REMIND`,`CREATE_BY`,`CREATE_ON`) values(7,'仰卧卷腹','crunch','腹部','背部保持平坦躺在垫子上，大腿小腿之间呈60度角弯曲于地板上。让你的脚平放在地板上，把双手放松放于头部两侧。','向前卷曲你的上半身，把你的肩胛骨卷起刚刚离开地面。在任何时候，都要保持你的手臂与头部，颈部和肩部对齐。不要发生位置移动。当你进行运动的这一部分时呼气并按住收缩一秒钟。慢慢地低了下去为你吸入的起始位置。\r\n继续以这种方式交替，直到所有规定的重复次数完成','手中可添加重物。增加训练强度',1,now());
INSERT INTO tm_video_desc(`VIDEO_ID`,`CHN_NAME`,`ENG_NAME`,`TRAIN_MUSCLE`,`START_ACTION`,`ESSEN_EXERCISE`,`REMIND`,`CREATE_BY`,`CREATE_ON`) values(11,'仰卧屈膝举腿转腰','Hips Drop','腹部 腰部','仰卧，双腿屈膝上提至小腿与垫面平行，大腿与垫面垂直，两臂放在体侧，手心贴在垫面上。','双腿一起向右摆，身体向右拧转至右膝触垫面，两手臂尽量不离开垫面，然后还原。双腿再向左摆，身体向左拧转至左膝触垫面。左右交替进行，重复练习。','呼吸要自然，两臂和肩部不能离开垫面，身体拧转要充分，意念要集中在腰腹部肌群。不能依靠腿的摆动。',1,now());
INSERT INTO tm_video_desc(`VIDEO_ID`,`CHN_NAME`,`ENG_NAME`,`TRAIN_MUSCLE`,`START_ACTION`,`ESSEN_EXERCISE`,`REMIND`,`CREATE_BY`,`CREATE_ON`) values(15,'仰卧屈膝举腿','bent knee leg raises','腰腹部、臀部、大腿、髋部屈肌','平躺在地。双手放在腹部，或将双掌平放在大腿两侧','抬起双脚。可以让膝盖弯曲九十度，或者将两腿在空中尽力伸直。用你的腹部肌肉抬起臀部。请注意不要用你的手、背或头部向下推。若你还不能只用腹肌就抬起臀部，你还需要做更多的基本式屈膝仰卧起以增加你的腹部力量。进行膝盖弯曲腹部和臀部提升运动非常缓慢，让您真正感受到在你的腹肌紧张，所以一定要避免快速和生涩的动作','理想的范围内重复这个到你的极限，每组在15-30之间最好。每组之间休息时间60-90秒，以备你下一组锻炼之前完全恢复。',1,now());
INSERT INTO tm_video_desc(`VIDEO_ID`,`CHN_NAME`,`ENG_NAME`,`TRAIN_MUSCLE`,`START_ACTION`,`ESSEN_EXERCISE`,`REMIND`,`CREATE_BY`,`CREATE_ON`) values(18,'反向卷腹','reverse curls','腹部','平躺在地板或垫子上，膝弯曲，手放置头后面，抬腿屈膝成90度，下巴与胸之间保持一定空间（眼睛斜看天花板）','呼气：朝胸部方向抬膝，保持2秒\r\n吸气：缓慢地回到起始位','不要使用惯性摆腿，尽量使用腹肌力量控制动作',1,now());
INSERT INTO tm_video_desc(`VIDEO_ID`,`CHN_NAME`,`ENG_NAME`,`TRAIN_MUSCLE`,`START_ACTION`,`ESSEN_EXERCISE`,`REMIND`,`CREATE_BY`,`CREATE_ON`) values(20,'仰卧屈膝卷腹转体','Tabletop Crunch+Twist','腹部','躺在地板上，背部保持平坦肩部稍微离开地面，双腿并拢膝盖弯曲小腿和地面平行，大腿和地面垂直。双手伸直并拢放于脑后。','保持你的下腹部紧张不要拉动你的颈部，集中注意力在腹部，用你的上腹部和有力的朝着你的肚脐紧缩起来，把躯干抬离地面。\r\n保持挤压腹部为1秒慢慢回到起始位置。双手保持稳定和头部同一平面，避免摆动。注意肩部不要着地。\r\n重复完成你的练习量','通过放置一个哑铃片在你的胸部增加训练强度',1,now());
INSERT INTO tm_video_desc(`VIDEO_ID`,`CHN_NAME`,`ENG_NAME`,`TRAIN_MUSCLE`,`START_ACTION`,`ESSEN_EXERCISE`,`REMIND`,`CREATE_BY`,`CREATE_ON`) values(23,'侧卧举腿卷腹(右)','Side Leg Lifts(R)','腹部、腹内外斜肌、腹肌','侧身躺于垫子或地面上，身体呈一条直线。地面的一只手臂打直伸张开来。另一只手放于腹部、保持双腿并拢。','吸气，收紧腹部、把注意力全部集中在腰腹、利用腰腹力量侧举双腿同时侧抬上身，让你的肘部接近胯部。停留一秒，返回起始位置、呼气。\r\n重复交替动作、完成规定组数','虽然活动区域很短，但你可以感到侧腹有很强的收缩掌握好平衡很关键、注意动作规范、颈部放松。不要借助惯性力量',1,now());
INSERT INTO tm_video_desc(`VIDEO_ID`,`CHN_NAME`,`ENG_NAME`,`TRAIN_MUSCLE`,`START_ACTION`,`ESSEN_EXERCISE`,`REMIND`,`CREATE_BY`,`CREATE_ON`) values(24,'仰卧拉伸卷腹','stretch crunch','腹部、腿部韧带','身体呈仰卧姿、两膝关节往外拉开、脚掌心相对。然后身体仰卧于地垫上，驱赶保持平坦、双臂交叉合掌放于下腹部','呼气、收腹。用腹肌把身体向上卷起，把身体卷起离地5—10厘米，应收紧腹部肌肉并稍作停顿，然后慢慢把身体下降回原位，呼气。当背部着地的时候，便可以开始下一个循环的动作。
重复动作、直至完成规定数目','这个动作是拉伸加卷腹的合成动作，可以有效收缩腹肌。并做韧带拉伸运动，进行时宜采用较缓慢的速度，就如慢动作回放一般。',1,now());
INSERT INTO tm_video_desc(`VIDEO_ID`,`CHN_NAME`,`ENG_NAME`,`TRAIN_MUSCLE`,`START_ACTION`,`ESSEN_EXERCISE`,`REMIND`,`CREATE_BY`,`CREATE_ON`) values(27,'仰卧起坐','Sit Ups','腹部','身体仰卧于地垫上，膝部屈曲成90度左右，脚部平放在地上，切勿把脚部固定双手安放的位置靠近头部','呼气、收腹。用腹肌把身体向上拉起，这样可确保处于腹部较深层的肌肉都同时参与工作。把身体升起离地10至20 厘米后，应收紧腹部肌肉并稍作停顿，形成坐姿。然后慢慢把身体下降回原位。当背部着地的时候，便可以开始下一个循环的动作','进行时宜采用较缓慢的速度，就如慢动作回放一般。可以有效增加腹肌韧性',1,now());
INSERT INTO tm_video_desc(`VIDEO_ID`,`CHN_NAME`,`ENG_NAME`,`TRAIN_MUSCLE`,`START_ACTION`,`ESSEN_EXERCISE`,`REMIND`,`CREATE_BY`,`CREATE_ON`) values(32,'仰卧交替脚跟接触','alternate heel touchers','腹部','脚与膝盖弯曲在地板上，在地板上的脚周围18-24英寸（约0.4-0.6米）远。你的手臂在你身边两侧延长','紧缩你的躯干向前和向上约3-4英寸到右侧和触摸你的右脚后跟，你持有的收缩一秒钟。呼气，同时执行此动作。现在回去慢慢到起始位置时吸气。接着，紧缩你的躯干向前和向上约3-4英寸到左侧，触摸你的左脚后跟，你持有的收缩一秒钟。呼气，同时执行此动作，然后回到起始位置时吸气。然后，两个脚后跟都接触，重复20组。\r\n继续两侧交替进行，直到所有规定的重复次数完成。','',1,now());
INSERT INTO tm_video_desc(`VIDEO_ID`,`CHN_NAME`,`ENG_NAME`,`TRAIN_MUSCLE`,`START_ACTION`,`ESSEN_EXERCISE`,`REMIND`,`CREATE_BY`,`CREATE_ON`) values(35,'平板支撑动作','elbow plank','腹部','面对地面,两只前臂向下弯曲贴紧地面，此时你的手肘和手指都是平放在地面上的。你的手掌应该收紧，并放在肩膀正下方。','你的脚趾可以微微弯曲，收紧腹部，使得腹部和肚脐处感觉向脊柱拉伸。伸直你的身体，但保持脖子和脊椎放松。想象你成为一片木板，这样你就会像箭一样直了。收紧你的腹部和臀部，直到你感觉支撑不住为止（或是感觉到身体微微出汗为止）。保持你的双眼看着你身前的地面，注意不要抬起背后。你的身体要一直保持从头到脚都在一直线上。','可以适当添加负重',1,now());
INSERT INTO tm_video_desc(`VIDEO_ID`,`CHN_NAME`,`ENG_NAME`,`TRAIN_MUSCLE`,`START_ACTION`,`ESSEN_EXERCISE`,`REMIND`,`CREATE_BY`,`CREATE_ON`) values(48,'侧卧举腿卷腹(左)','Side Leg Lifts(L)','腹部、腹内外斜肌、腹肌','侧身躺于垫子或地面上，身体呈一条直线。地面的一只手臂打直伸张开来。另一只手放于腹部、保持双腿并拢。','吸气，收紧腹部、把注意力全部集中在腰腹、利用腰腹力量侧举双腿同时侧抬上身，让你的肘部接近胯部。停留一秒，返回起始位置、呼气。\r\n重复交替动作、完成规定组数','虽然活动区域很短，但你可以感到侧腹有很强的收缩掌握好平衡很关键、注意动作规范、颈部放松。不要借助惯性力量',1,now());
INSERT INTO tm_video_desc(`VIDEO_ID`,`CHN_NAME`,`ENG_NAME`,`TRAIN_MUSCLE`,`START_ACTION`,`ESSEN_EXERCISE`,`REMIND`,`CREATE_BY`,`CREATE_ON`) values(33,'仰卧抬臀','Bridge Lifts','腰腹部','背部平躺在地板上，双手平放于身体两侧。把脚掌放在地面上与肩同宽。大腿小腿的夹角约90度','把注意力集中在腰腹、用你的脚跟抬起你的臀部离开地面，同时保持背部挺直。呼气，到达顶部保持在一秒钟停顿。\r\n慢慢地回到起始的位置，吸气、重复以上动作完成目标数目','你可以用单腿支撑双腿交替',1,now());
INSERT INTO tm_video_desc(`VIDEO_ID`,`CHN_NAME`,`ENG_NAME`,`TRAIN_MUSCLE`,`START_ACTION`,`ESSEN_EXERCISE`,`REMIND`,`CREATE_BY`,`CREATE_ON`) values(41,'坐姿转体扭腰','Core Twist','腰腹部','把你的膝盖弯曲，把你的两只手臂在胸前伸直，双脚平坐在地板上，背部挺直和地板面成75度夹角。','腹部紧缩拉动你的身体、扭你的躯干，双臂伸直随着腰腹的转动改变方向。然后往一边扭转，回来到中间部位停顿一秒，然后再往另一边扭转身体。\r\n这是一个完整动作、重复交替完成目标数目','可以手持哑铃。砝码、杠铃片等重物来增加强度',1,now());
INSERT INTO tm_video_desc(`VIDEO_ID`,`CHN_NAME`,`ENG_NAME`,`TRAIN_MUSCLE`,`START_ACTION`,`ESSEN_EXERCISE`,`REMIND`,`CREATE_BY`,`CREATE_ON`) values(17,'空中蹬车','cross-body crunch','腹直肌、腹外斜肌、腹部深层的腹横肌','身体平躺在垫子上，双腿伸直，双臂屈肘，双手半卧拳分别放到耳侧','深吸气，使得腹部卷起到最高点，然后用一侧的肘关节去努力触碰到身体另一侧屈腿的膝盖，同时双腿中另一侧的腿离地，伸直，然后腹部始终处在收紧的状态，摆动身体，使另一侧的肘关节去触碰另一侧的膝盖，这时开始屈腿的一侧还原到伸直的状态，但要保持离地，在转体的过程中吸气，肘关节触碰到膝盖的一刹那呼吸，然后反复进行练习。','首先要注意的就是呼吸的问题。开始的时候由于腹肌力量差，动作缓慢，呼吸频率比较容易掌握。随着腹肌的增强，运动频率加快，呼吸也要随之加快。要始终保持呼吸与动作一致。',1,now());
INSERT INTO tm_video_desc(`VIDEO_ID`,`CHN_NAME`,`ENG_NAME`,`TRAIN_MUSCLE`,`START_ACTION`,`ESSEN_EXERCISE`,`REMIND`,`CREATE_BY`,`CREATE_ON`) values(13,'仰卧交替拉手卷腹','crunch reach up','腹部','躺在地板上，背部保持平坦紧贴地板，双腿并拢膝盖弯曲脚掌着地大腿小腿夹角为60度左右。双手弯曲握拳放于身体两侧','集中注意力在腹部，保持你的腹部紧张用你的上腹部和有力的朝着你的肚脐紧缩起来，同时把想象面前有一根树藤、左右手交替去拉这根树藤，带动腹部紧缩，完成卷腹。肩部抬离地面约十厘米不要着地。保持腹部紧缩为1秒慢慢回到起始位置。','通过手持一个哑铃片在你的胸部增加训练强度',1,now());
INSERT INTO tm_video_desc(`VIDEO_ID`,`CHN_NAME`,`ENG_NAME`,`TRAIN_MUSCLE`,`START_ACTION`,`ESSEN_EXERCISE`,`REMIND`,`CREATE_BY`,`CREATE_ON`) values(14,'触膝卷体','Knee Touch','腹部','身体平躺在地板上。保持躯干挺直、膝盖弯曲，保持大腿小腿的夹角约为120度。双手放于脑后','吸气、注意力集中在腹部、利用腹部力量把身体卷起、同时下半身也向上卷起，用肘部去接触膝盖、接触的这个点在身体正中央、不要偏离或扭曲。\r\n到达这个时候稍微停顿两秒、然后返回起始动作，呼气','双手放松、颈部放松。力量集中在腹部，其他部位放松',1,now());
INSERT INTO tm_video_desc(`VIDEO_ID`,`CHN_NAME`,`ENG_NAME`,`TRAIN_MUSCLE`,`START_ACTION`,`ESSEN_EXERCISE`,`REMIND`,`CREATE_BY`,`CREATE_ON`) values(28,'仰卧抬腿','Leg raises','腹部','臂放在身体两侧，两只手掌放于脑后，保持背部平坦仰面躺下，头部压住手掌手臂展开平放在地板上。整个身体成一条直线','吸气，把注意力集中在腹部、上半身保持静止、用腹部的力量拔腿举起，抬起双腿离开地面约60度，不要抬到和地面垂直。同时让您的双腿伸直，停留一秒钟，下去的时候注意脚跟不要触到地面.返回到起始位置，呼气。','动作尽量缓慢、腿不能弯曲。上半身保持放松静止、不能借力',1,now());
INSERT INTO tm_video_desc(`VIDEO_ID`,`CHN_NAME`,`ENG_NAME`,`TRAIN_MUSCLE`,`START_ACTION`,`ESSEN_EXERCISE`,`REMIND`,`CREATE_BY`,`CREATE_ON`) values(16,'登山','mountain climbers','腹部','假设你在登山，俯卧撑的起始姿势双手撑地、身体完全伸直。用手和脚趾支撑你的身体重量，身体应形成一条直线从头部到你的脚踝。弯曲的膝盖和臀部，抬起你的右脚离地，把一条腿提到胸前左右，慢慢移动你的右膝盖朝向你的胸部。另一条腿保持伸直不动。','爆发性的交替你的腿的位置 ，通过扩展腿部弯曲背部，并把另一只脚与髋关节和膝关节屈曲，直到腿伸直的脚尖支撑。\r\n回到起始位置，重复你的左腿。重复以交替的方式20-30秒。\r\n持续交替来回的时间。完成规定练习时间','',1,now());
INSERT INTO tm_video_desc(`VIDEO_ID`,`CHN_NAME`,`ENG_NAME`,`TRAIN_MUSCLE`,`START_ACTION`,`ESSEN_EXERCISE`,`REMIND`,`CREATE_BY`,`CREATE_ON`) values(53,'侧卧腹斜肌卷腹(左)','oblique crunch(L)','腹斜肌','刚开始时是以一个扭曲的姿势躺在地板上，背部尽量保持平坦，下半身扭曲把一条腿弯曲交叉于另一条腿上，一只手放于脑后。另一只手扶住上面弯曲的腿','一旦到位，注意了集中在腹部，吸气，利用腹肌力量开始紧缩把背部，头部抬起离开地面。保持抬起你的头，在任何时候都天花板你的脸平行。当你紧缩卷腹时确保你的肩胛骨没离开地面。慢慢回到起始位置然后到达位置停顿一秒、呼气','用指尖扶住你的后脑勺，以确保你的手臂不帮助紧缩，专注于完美的执行，减慢速度。也可以双腿弯曲往侧边扭曲',1,now());
INSERT INTO tm_video_desc(`VIDEO_ID`,`CHN_NAME`,`ENG_NAME`,`TRAIN_MUSCLE`,`START_ACTION`,`ESSEN_EXERCISE`,`REMIND`,`CREATE_BY`,`CREATE_ON`) values(31,'侧卧腹斜肌卷腹(右)','oblique crunch(R)','腹斜肌','刚开始时是以一个扭曲的姿势躺在地板上，背部尽量保持平坦，下半身扭曲把一条腿弯曲交叉于另一条腿上，一只手放于脑后。另一只手扶住上面弯曲的腿','一旦到位，注意了集中在腹部，吸气，利用腹肌力量开始紧缩把背部，头部抬起离开地面。保持抬起你的头，在任何时候都天花板你的脸平行。当你紧缩卷腹时确保你的肩胛骨没离开地面。慢慢回到起始位置然后到达位置停顿一秒、呼气','用指尖扶住你的后脑勺，以确保你的手臂不帮助紧缩，专注于完美的执行，减慢速度。也可以双腿弯曲往侧边扭曲',1,now());
INSERT INTO tm_video_desc(`VIDEO_ID`,`CHN_NAME`,`ENG_NAME`,`TRAIN_MUSCLE`,`START_ACTION`,`ESSEN_EXERCISE`,`REMIND`,`CREATE_BY`,`CREATE_ON`) values(36,'平板支撑抬腿','plank and leg lift','腹部、核心','对地面,两只前臂向下弯曲贴紧地面，此时你的手肘和手指都是平放在地面上的。你的手掌应该收紧，并放在肩膀正下方。你的脚趾可以微微弯曲，收紧腹部，使得腹部和肚脐处感觉向脊柱拉伸。伸直你的身体，但保持脖子和脊椎放松。想象你成为一片木板，并保持你的身体笔直，从头部到脚后跟。','现在把你的一只腿提高离开地面十厘米左右，腿部保持直立并保持该位置为1秒。回到起始位置，继续两腿交替。','收紧你的腹部，臀部不能往下掉。保持身体垂直',1,now());
INSERT INTO tm_video_desc(`VIDEO_ID`,`CHN_NAME`,`ENG_NAME`,`TRAIN_MUSCLE`,`START_ACTION`,`ESSEN_EXERCISE`,`REMIND`,`CREATE_BY`,`CREATE_ON`) values(19,'俄罗斯转体','russian twist','腰腹部、腹斜肌','躺在地板上把你小腿，双脚交叉起来，背部保持平坦。你的腿应该膝盖微微弯曲。双脚扭在一起可以保持稳定性。保持下半身不动提升你的上身，这样躯干会创建与你的大腿一个虚构的V形。你的双臂应该完全伸展在你面前垂直于你的身体，并把双手紧握。','把注意力集中在腰腹吗，同时腰腹收缩扭动你的身体右侧，直到你的手臂与地面平行，同时呼气。\r\n保持收缩的第二个移动回到起始位置，同时呼气。然后移动到另一侧进行你右侧的相同动作。','保持下半身稳定不动。当你有足够的腰腹力量时可以较重负荷。你可以拿着一个加大的重量。比如哑铃。杠铃片、砝码，你可以借助外力来帮助固定下半身使其稳定',1,now());
INSERT INTO tm_video_desc(`VIDEO_ID`,`CHN_NAME`,`ENG_NAME`,`TRAIN_MUSCLE`,`START_ACTION`,`ESSEN_EXERCISE`,`REMIND`,`CREATE_BY`,`CREATE_ON`) values(45,'仰卧交替抬腿','cissor kick','腹部','仰面躺下，你的背部紧贴地面或在运动垫下。双臂完全延伸到两侧，手掌朝下。注意：双臂整个练习过程是静止的，膝盖轻微弯曲，抬起你的腿，让你的脚后离开地面约15厘米。','抬起你的左腿高达约45度角，而你的右腿被降低，直到脚后跟离地面约5—10厘米。收紧腹部，上半身放松。通过腹部力量提高你的右腿，并降低你的左腿，切换动作。然后交替进行，记住在执行这个练习呼吸。','当你练习到一定时候可以加大负重、可以在小腿绑沙袋等类似负重',1,now());
INSERT INTO tm_video_desc(`VIDEO_ID`,`CHN_NAME`,`ENG_NAME`,`TRAIN_MUSCLE`,`START_ACTION`,`ESSEN_EXERCISE`,`REMIND`,`CREATE_BY`,`CREATE_ON`) values(3,'仰卧交替摆腿','scissor legs','腹部','仰面躺下，你的背部紧贴地面或在运动垫下。双臂完全延伸到两侧，手掌朝下，把你小腿，双脚像剪刀一样交叉起来，整个腿部抬离地面10厘米悬空、注意：双臂整个练习过程是静止的','收紧腹部，上半身放松通过腹部力量双腿悬空。两脚交替横向摆动。双腿像剪刀一样水平运动，然后交替进行，记住在执行这个练习呼吸。','当你练习到一定时候可以加大负重、可以在小腿绑沙袋等类似负重',1,now());
INSERT INTO tm_video_desc(`VIDEO_ID`,`CHN_NAME`,`ENG_NAME`,`TRAIN_MUSCLE`,`START_ACTION`,`ESSEN_EXERCISE`,`REMIND`,`CREATE_BY`,`CREATE_ON`) values(47,'侧桥、侧向平板支撑(左)','side bridge(L)','腹部 腹斜肌','侧身、身体保持笔直拉直你的腹肌，用你的手肘小臂支撑地面把身体撑起，身体和地面成15度夹角。另一只手臂叉腰位于侧腹部。保持稳定','把核心肌肉收紧、脊柱挺直，注意力集中在侧腹部。开始侧边卷缩你的腹斜肌，快要触到地面的时候稍稍停顿，然后返回起始位置','左右两侧交替',1,now());
INSERT INTO tm_video_desc(`VIDEO_ID`,`CHN_NAME`,`ENG_NAME`,`TRAIN_MUSCLE`,`START_ACTION`,`ESSEN_EXERCISE`,`REMIND`,`CREATE_BY`,`CREATE_ON`) values(22,'侧桥、侧向平板支撑(右)','side bridge(R)','腹部 腹斜肌','侧身、身体保持笔直拉直你的腹肌，用你的手肘小臂支撑地面把身体撑起，身体和地面成16度夹角。另一只手臂叉腰位于侧腹部。保持稳定','把核心肌肉收紧、脊柱挺直，注意力集中在侧腹部。开始侧边卷缩你的腹斜肌，快要触到地面的时候稍稍停顿，然后返回起始位置','左右两侧交替',1,now());
INSERT INTO tm_video_desc(`VIDEO_ID`,`CHN_NAME`,`ENG_NAME`,`TRAIN_MUSCLE`,`START_ACTION`,`ESSEN_EXERCISE`,`REMIND`,`CREATE_BY`,`CREATE_ON`) values(29,'仰卧直腿触足卷腹','straight leg toe touches','腹部','身体仰卧在地板上。背部保持平坦贴于地面、双腿并拢抬起和地面保持垂直（和躯干成90度夹角）尽量保持双腿笔直、或微微弯曲、双手合并伸直位于胸前','收紧腹部，集中注意力在腹部，用腹部的力量抬起身体离开地面，用伸直的手尖去触摸脚尖。然后紧缩腹部停顿一秒，返回起始位置呼吸。肩部尽量不要着地','你可以手持重物。增加训练强度',1,now());
INSERT INTO tm_video_desc(`VIDEO_ID`,`CHN_NAME`,`ENG_NAME`,`TRAIN_MUSCLE`,`START_ACTION`,`ESSEN_EXERCISE`,`REMIND`,`CREATE_BY`,`CREATE_ON`) values(10,'仰卧屈膝卷腹','tabletop crunch','腹部','躺在地板上，背部保持平坦肩部稍微离开地面，双腿并拢膝盖弯曲小腿和地面平行，大腿和地面垂直。双手伸直并拢放于脑后','保持你的下腹部紧张不要拉动你的颈部，集中注意力在腹部，用你的上腹部和有力的朝着你的肚脐紧缩起来，把躯干抬离地面。  保持挤压腹部为1秒慢慢回到起始位置。双手保持稳定和头部同一平面，避免摆动。注意肩部不要着地。','通过放置一个哑铃片在你的胸部增加训练强度',1,now());
INSERT INTO tm_video_desc(`VIDEO_ID`,`CHN_NAME`,`ENG_NAME`,`TRAIN_MUSCLE`,`START_ACTION`,`ESSEN_EXERCISE`,`REMIND`,`CREATE_BY`,`CREATE_ON`) values(21,' 仰卧紧缩卷腹','tuck crunch','腹部','躺在地板上，背部保持平坦紧贴地板，双腿并拢伸直膝盖微微弯曲。双臂弯曲扶住头部。身体呈一条直线','集中注意力在腹部，保持你的腹部紧张用你的上腹部和有力的朝着你的肚脐紧缩起来，同时把背部和腿部抬离地面约十厘米。保持腹部紧缩为1秒慢慢回到起始位置。','通过放置一个哑铃片在你的胸部增加训练强度',1,now());
INSERT INTO tm_video_desc(`VIDEO_ID`,`CHN_NAME`,`ENG_NAME`,`TRAIN_MUSCLE`,`START_ACTION`,`ESSEN_EXERCISE`,`REMIND`,`CREATE_BY`,`CREATE_ON`) values(1,'仰卧分腿两头起','adductor crunch','腹部','把身体平躺在地板上（或运动垫）保持身体伸直。背部平坦，双臂伸直分开平行放回你的头后面或者垂直于胸前，双腿伸直分开与肩同宽。','收紧腹部，把注意力集中在腹部，用腹部的力量同时抬起你的腿部和背部离开地面，把身体像折叠刀一样折起来、双腿双手保持直立分开、双腿应扩大和提升约从地板约45度角，手臂应延长并尽量触摸你的脚尖。同时吸呼吸，降低你的胳膊和腿回到起始位置。','你可以双脚使用一个健身球，以增加训练强度。',1,now());
INSERT INTO tm_video_desc(`VIDEO_ID`,`CHN_NAME`,`ENG_NAME`,`TRAIN_MUSCLE`,`START_ACTION`,`ESSEN_EXERCISE`,`REMIND`,`CREATE_BY`,`CREATE_ON`) values(2,'甲壳虫仰卧交叉转体','beetle','腹部','身体平躺在垫子上，膝盖弯曲大腿小腿成90度夹角，双臂打开伸直','腹部收紧把肩膀和双腿抬离地面。扭转腹部。然后用一侧的手掌关节去努力触碰到身体另一侧屈腿的脚踝，同时双腿中另一侧的腿离地，伸直，然后腹部始终处在收紧的状态，转动腰腹，使另一侧的手掌去触碰另一侧的踝关节，这时开始屈腿的一侧还原到伸直的状态，但要保持离地，在转体的过程中吸气手掌触碰到踝关节的一刹那呼吸，然后反复进行练习。','首先要注意的就是呼吸的问题。开始的时候由于腹肌力量差，动作缓慢，呼吸频率比较容易掌握。随着腹肌的增强，运动频率加快，呼吸也要随之加快。要始终保持呼吸与动作一致。\r\n其次要注意的就是手掌要努力触碰到脚踝，只有这样才会保证运动幅度，使腹肌全部被调动起来，达到全面锻炼腹肌的目的。',1,now());
INSERT INTO tm_video_desc(`VIDEO_ID`,`CHN_NAME`,`ENG_NAME`,`TRAIN_MUSCLE`,`START_ACTION`,`ESSEN_EXERCISE`,`REMIND`,`CREATE_BY`,`CREATE_ON`) values(30,'仰卧屈膝提髋','Bent Knee Hip Raises','下腹部','平躺在地板上 两侧手臂放于身体两旁，现在，把膝盖稍稍弯曲，然后把腿抬离地面和地面保持垂直','使用你的下腹部，把你的膝盖朝向你，你保持你的腿稍微弯曲。持续这个动作用下腹力量作用你的骨盆抬起臀部离开地面向上举。慢慢向上抬起臀部离地面约十厘米、进行运动的到这一部分后停留一秒，然后回到起始位置，呼气。','挤压你的腹部在运动的顶部为一秒钟，然后恢复到起始位置慢慢地你的呼吸。你可以腿部弯曲容易一些、可以伸直双腿使其更难',1,now());
INSERT INTO tm_video_desc(`VIDEO_ID`,`CHN_NAME`,`ENG_NAME`,`TRAIN_MUSCLE`,`START_ACTION`,`ESSEN_EXERCISE`,`REMIND`,`CREATE_BY`,`CREATE_ON`) values(34,'仰卧抬臀踢腿','bridge kicks','腰腹部','背部平躺在地板上，收紧腹部抬起臀部和背部。只有肩部着地。保持臀部和背部是一条直线，象一座倾斜的桥。双手平放于身体两侧。把脚掌放在地面上与肩同宽。大腿小腿的夹角约90度',' 把注意力集中在腹部、开始抬起左腿，把膝盖弯曲的角度打直。同时保持背部挺直。呼气，到达顶部保持在一秒钟停顿，然后左右腿交替练习。慢慢地回到起始的位置，吸气、重复以上动作完成目标数目','你可以在小腿上绑上沙袋，增加训练强度',1,now());
INSERT INTO tm_video_desc(`VIDEO_ID`,`CHN_NAME`,`ENG_NAME`,`TRAIN_MUSCLE`,`START_ACTION`,`ESSEN_EXERCISE`,`REMIND`,`CREATE_BY`,`CREATE_ON`) values(8,' 俯卧海豚游泳式','dolphin','腰腹部','整个身体趴在地板上，保持身体伸直收紧腹部。双手打开伸直','把注意力集中在腰腹部，同时微微抬起你的双腿和上身。双脚和胸部不要着地同时保持背部挺直，使其整个身体保持一个微微向上的弧度。开始运动你的双臂，像蛙泳一样手臂从头部上方到大腿侧方画弧线。','你可以在小腿上绑上沙袋，手持砝码。哑铃。增加训练强度',1,now());
INSERT INTO tm_video_desc(`VIDEO_ID`,`CHN_NAME`,`ENG_NAME`,`TRAIN_MUSCLE`,`START_ACTION`,`ESSEN_EXERCISE`,`REMIND`,`CREATE_BY`,`CREATE_ON`) values(50,'俯卧侧身提膝卷腹(左)','double knee lifts(L)','腹部','这个动作开始时是一个身体扭曲的动作、上半身身体俯卧，双手撑地与肩同宽。把双腿并拢侧立搭在地板上并直立。保持腰腹部扭曲。','开始收紧腹部注意力集中，用腹部力量拉动侧立的双腿做屈膝运动完成卷腹，膝盖到达下腹时保持停顿一秒，然后顺着滑行轨迹返回起始位置。','应注意不要利用腿部力量，完全靠腹部。尽量紧缩',1,now());
INSERT INTO tm_video_desc(`VIDEO_ID`,`CHN_NAME`,`ENG_NAME`,`TRAIN_MUSCLE`,`START_ACTION`,`ESSEN_EXERCISE`,`REMIND`,`CREATE_BY`,`CREATE_ON`) values(37,'俯卧侧身提膝卷腹(右)','double knee lifts(R)','腹部','这个动作开始时是一个身体扭曲的动作、上半身身体俯卧，双手撑地与肩同宽。把双腿并拢侧立搭在地板上并直立。保持腰腹部扭曲。','开始收紧腹部注意力集中，用腹部力量拉动侧立的双腿做屈膝运动完成卷腹，膝盖到达下腹时保持停顿一秒，然后顺着滑行轨迹返回起始位置。','应注意不要利用腿部力量，完全靠腹部。尽量紧缩',1,now());
INSERT INTO tm_video_desc(`VIDEO_ID`,`CHN_NAME`,`ENG_NAME`,`TRAIN_MUSCLE`,`START_ACTION`,`ESSEN_EXERCISE`,`REMIND`,`CREATE_BY`,`CREATE_ON`) values(12,'仰卧直腿两头起','jack knife sit up','腹部','把身体平躺在地板上（或运动垫）保持身体伸直。背部平坦，双臂伸直放回你的头后面或者垂直于胸前，双腿伸直并拢。这将是你的起始位置。','收紧腹部，把注意力集中在腹部，用腹部的力量同时抬起你的腿部和背部离开地面，把身体像折叠刀一样折起来、双腿保持直立。双腿应扩大和提升约从地板约45度角，手臂应延长并尽量触摸你的小腿。同时吸呼吸，降低你的胳膊和腿回到起始位置。','你可以双手使用一个实心球，以增加训练强度。',1,now());
INSERT INTO tm_video_desc(`VIDEO_ID`,`CHN_NAME`,`ENG_NAME`,`TRAIN_MUSCLE`,`START_ACTION`,`ESSEN_EXERCISE`,`REMIND`,`CREATE_BY`,`CREATE_ON`) values(38,'平板交叉肘触膝卷腹','plank knee to elbow crunch','腹部','面对地面,两只前臂向下弯曲贴紧支撑地面，手掌应该收紧，并放在肩膀正下方。你的脚趾可以微微弯曲，收紧腹部，使得腹部和肚脐处感觉向脊柱拉伸。伸直你的身体，但保持脖子和脊椎放松。想象你成为一片木板。','收紧腹部保持背部挺直。然后提起左膝同时右肘下收努力使其膝关节和肘关节接触，同时双腿中另一侧的腿保持伸直，腹部始终处在收紧的状态，，使另一侧的肘关节去触碰另一侧的膝盖，屈腿的一侧还原到伸直的状态，在紧缩的过程中吸气，肘关节触碰到膝盖的一刹那呼吸，然后交叉反复进行练','背部始终保持挺直，不要弯腰',1,now());
INSERT INTO tm_video_desc(`VIDEO_ID`,`CHN_NAME`,`ENG_NAME`,`TRAIN_MUSCLE`,`START_ACTION`,`ESSEN_EXERCISE`,`REMIND`,`CREATE_BY`,`CREATE_ON`) values(39,'平板交替伸手抬腿','plank and arm with leg raise','腹部','面对地面,两只前臂向下弯曲贴紧支撑地面，手掌应该收紧，并放在肩膀正下方。你的脚趾可以微微弯曲，收紧腹部，使得腹部和肚脐处感觉向脊柱拉伸。伸直你的身体，但保持脖子和脊椎放松。想象你成为一片木板。','收紧腹部保持背部挺直。然后同时抬起你的右腿，左手向前伸展，完成后保持停顿一秒，双腿中另一侧的腿保持伸直，腹部始终处在收紧的状态，再抬起你的左腿同时向前伸展你的右手，然后交叉反复进行练','背部始终保持挺直，不要弯腰，臀部不要下掉，可以增加重物提高训练强度，小腿帮上沙袋',1,now());
INSERT INTO tm_video_desc(`VIDEO_ID`,`CHN_NAME`,`ENG_NAME`,`TRAIN_MUSCLE`,`START_ACTION`,`ESSEN_EXERCISE`,`REMIND`,`CREATE_BY`,`CREATE_ON`) values(9,'侧平板支撑手抬高转体','push up to side plank','腹部','俯卧撑姿势。面对地面,两只前臂放在肩膀正下方向下直立支撑地面。伸直双腿，你的脚趾可以微微弯曲，收紧腹部，使得腹部和肚脐处感觉向脊柱拉伸。伸直你的身体，使你的身体和地面成一个三角形。但保持脖子和脊椎放松。','收紧腹部保持背部挺直。然后抬起你的右手伸直，身体跟着右手向后转动画弧线90度直到你的身体侧身。另一只手臂伸直支撑地面，然后换手做同样动作。交叉反复进行练习','背部始终保持挺直，不要弯腰，臀部不要下掉',1,now());
INSERT INTO tm_video_desc(`VIDEO_ID`,`CHN_NAME`,`ENG_NAME`,`TRAIN_MUSCLE`,`START_ACTION`,`ESSEN_EXERCISE`,`REMIND`,`CREATE_BY`,`CREATE_ON`) values(4,'仰卧直腿交替卷腹','scissor crunch','腹部','仰面平躺在地板上。双手放于脑后、保持身体一条直线','收缩你的腹部，把注意力集中在腹部用腹部的力量同时把上身和右腿抬离地面完成腹部紧缩、腿部抬起是膝盖可以稍微弯曲，抬起的高度约垂直于地面。到达这一位置保持静止一秒钟。然后返回起始位置呼吸','腿部可以借助沙袋增加训练强度',1,now());
INSERT INTO tm_video_desc(`VIDEO_ID`,`CHN_NAME`,`ENG_NAME`,`TRAIN_MUSCLE`,`START_ACTION`,`ESSEN_EXERCISE`,`REMIND`,`CREATE_BY`,`CREATE_ON`) values(52,'侧屈体抬腿(左)','side jack knife(L)','腹部、腹斜肌','侧身躺在地板上，右肩着地。双腿并立伸直，身体成一条直线。把你的右手在一个舒服的地方扶住腹部，紧握你的左手放在头后。','收紧腹部带上你的躯干和左腿朝上方抬起你，拉伸你的腹斜肌。收缩你的腹斜肌，然后回到开始的位置。然后交替身体方向进行训练','可以使用脚踝的重量，使其更加坚韧！',1,now());
INSERT INTO tm_video_desc(`VIDEO_ID`,`CHN_NAME`,`ENG_NAME`,`TRAIN_MUSCLE`,`START_ACTION`,`ESSEN_EXERCISE`,`REMIND`,`CREATE_BY`,`CREATE_ON`) values(46,'侧屈体抬腿(右)','side jack knife(R)','腹部、腹斜肌','侧身躺在地板上，右肩着地。双腿并立伸直，身体成一条直线。把你的右手在一个舒服的地方扶住腹部，紧握你的左手放在头后。','收紧腹部带上你的躯干和左腿朝上方抬起你，拉伸你的腹斜肌。收缩你的腹斜肌，然后回到开始的位置。然后交替身体方向进行训练','可以使用脚踝的重量，使其更加坚韧！',1,now());
INSERT INTO tm_video_desc(`VIDEO_ID`,`CHN_NAME`,`ENG_NAME`,`TRAIN_MUSCLE`,`START_ACTION`,`ESSEN_EXERCISE`,`REMIND`,`CREATE_BY`,`CREATE_ON`) values(49,'侧平板支撑抬腿收腹(左)','side plank leg lift(L)','腹部、腹斜肌','侧身躺在地板上，用左前臂把侧着的身体支撑起来，保持身体笔直。腹部收紧，右手自然放于另一侧','注意集中收缩腹部，同时右腿右手朝上方抬起，利用手肘支撑的空间压缩你的腹斜肌。然后回到开始的位置呼吸。然后交替身体方向进行训练','可以在脚上绑上沙袋，增加训练强度',1,now());
INSERT INTO tm_video_desc(`VIDEO_ID`,`CHN_NAME`,`ENG_NAME`,`TRAIN_MUSCLE`,`START_ACTION`,`ESSEN_EXERCISE`,`REMIND`,`CREATE_BY`,`CREATE_ON`) values(26,'侧平板支撑抬腿收腹(右)','side plank leg lift(R)','腹部、腹斜肌','侧身躺在地板上，用左前臂把侧着的身体支撑起来，保持身体笔直。腹部收紧，右手自然放于另一侧','注意集中收缩腹部，同时右腿右手朝上方抬起，利用手肘支撑的空间压缩你的腹斜肌。然后回到开始的位置呼吸。然后交替身体方向进行训练','可以在脚上绑上沙袋，增加训练强度',1,now());
INSERT INTO tm_video_desc(`VIDEO_ID`,`CHN_NAME`,`ENG_NAME`,`TRAIN_MUSCLE`,`START_ACTION`,`ESSEN_EXERCISE`,`REMIND`,`CREATE_BY`,`CREATE_ON`) values(25,'俯卧两头起','superman','竖脊肌（后腰或下背）、臀大肌','完全放松俯卧在地板上，手臂向前方伸直，双腿向后拉伸伸直','吸气收紧腹部，同时手臂和腿同时向上抬起离开地面，拉伸你的腹肌。收缩你的竖直肌、稍微停顿一下，再慢慢呼气放松，回到原始位置','可以手持砝码和脚上负重沙袋增加训练强度；这个动作不能利用爆发力来做，而要慢慢地让腹部肌肉发力带动手臂和腿上抬；此外也要注意头部不要使劲向后仰，而是跟随上半身同时一起抬起。',1,now());
INSERT INTO tm_video_desc(`VIDEO_ID`,`CHN_NAME`,`ENG_NAME`,`TRAIN_MUSCLE`,`START_ACTION`,`ESSEN_EXERCISE`,`REMIND`,`CREATE_BY`,`CREATE_ON`) values(51,'侧平板支撑下伸(左)','thread the needle(L)','核心、腹部','侧身躺在地板上左肘弯曲用左小臂支撑其身体，身体保持一条直线、收紧腹部。右手一开始直直高举，与地面垂直','右手向下穿过身体下方，上身跟着手的方向扭转紧缩你的腹肌，下身保持静止不动。接着再将手臂抬回起始位置。如此为反复次数一次','下半身保持不动，只是上半身运动',1,now());
INSERT INTO tm_video_desc(`VIDEO_ID`,`CHN_NAME`,`ENG_NAME`,`TRAIN_MUSCLE`,`START_ACTION`,`ESSEN_EXERCISE`,`REMIND`,`CREATE_BY`,`CREATE_ON`) values(40,'侧平板支撑下伸(右)','thread the needle(R)','核心、腹部','侧身躺在地板上左肘弯曲用左小臂支撑其身体，身体保持一条直线、收紧腹部。右手一开始直直高举，与地面垂直','右手向下穿过身体下方，上身跟着手的方向扭转紧缩你的腹肌，下身保持静止不动。接着再将手臂抬回起始位置。如此为反复次数一次','下半身保持不动，只是上半身运动',1,now());

#去除回车
update tm_video_desc set ESSEN_EXERCISE=replace(ESSEN_EXERCISE,'\r\n','');

#添加封面
update tm_video_rc set THUMBNAIL_URL= case GENDER when 1 then concat('http://troytan1991.club/sixpack/daniel_',lpad(VIDEO_ID,2,0),'.jpg') when 2 then concat('http://troytan1991.club/sixpack/angie_',lpad(VIDEO_ID,2,0),'.jpg') end;
